<Anims>
 <anim name="anim" root="wtw_hat" numframes="50" framerate="40">
  <frame idx="0" w="338" h="336" x="-54.650101" y="-97.189903">
   <element name="swap_hat" layername="swap_hat" frame="3" z_index="1" m_a="0.778275" m_b="0.000000" m_c="0.000000" m_d="0.778275" m_tx="-2.199000" m_ty="11.400000"/>
  </frame>
  <frame idx="25" w="338" h="336" x="-54.650101" y="-97.189903">
   <element name="swap_hat" layername="swap_hat" frame="3" z_index="1" m_a="0.778275" m_b="0.000000" m_c="0.000000" m_d="0.778275" m_tx="-2.199000" m_ty="11.400000"/>
  </frame>
 </anim>
</Anims>
